matchday,player_id,player_name,team_id,matches,minutes,goals,assists,shots,key_passes,tackles,interceptions,duels_total,duels_won,dribbles_attempts,dribbles_success,goal_involvements,goals_p90,assists_p90,ga_p90,key_passes_p90,def_actions_p90,duel_win_pct,dribble_success_pct,above_min_threshold
3,313353,Promise David,5529,1,22.0,1.0,0.0,3.0,0.0,0.0,1.0,2.0,1.0,0.0,0.0,1.0,4.091,0.0,4.091,0.0,4.091,50.0,,False
3,340173,Ermin Mahmić,1113,1,26.0,1.0,0.0,1.0,1.0,1.0,0.0,3.0,2.0,1.0,0.0,1.0,3.462,0.0,3.462,3.462,3.462,66.7,0.0,False
3,53517,Dennis Hadžikadunić,1113,1,27.0,0.0,1.0,0.0,1.0,2.0,0.0,4.0,2.0,0.0,0.0,1.0,0.0,3.333,3.333,3.333,6.667,50.0,,False
3,406244,Johan Manzambi,15,1,85.0,1.0,1.0,1.0,1.0,0.0,0.0,7.0,3.0,2.0,1.0,2.0,1.059,1.059,2.118,1.059,0.0,42.9,50.0,False
3,2545,Hassan Al Haydos,1569,1,56.0,1.0,0.0,1.0,1.0,0.0,0.0,4.0,2.0,1.0,1.0,1.0,1.607,0.0,1.607,1.607,0.0,50.0,100.0,False
3,42075,Edmilson Junior,1569,1,79.0,0.0,1.0,0.0,2.0,1.0,0.0,8.0,3.0,2.0,1.0,1.0,0.0,1.139,1.139,2.278,1.139,37.5,50.0,False
3,48471,Rubén Vargas,15,1,80.0,1.0,0.0,1.0,0.0,1.0,0.0,8.0,2.0,0.0,0.0,1.0,1.125,0.0,1.125,0.0,1.125,25.0,,False
3,395559,Kerim Alajbegović,1113,1,82.0,1.0,0.0,1.0,2.0,0.0,0.0,17.0,10.0,9.0,6.0,1.0,1.098,0.0,1.098,2.195,0.0,58.8,66.7,False
3,421,Breel Embolo,15,1,85.0,0.0,1.0,2.0,1.0,0.0,1.0,11.0,7.0,2.0,2.0,1.0,0.0,1.059,1.059,1.059,1.059,63.6,100.0,False
3,162222,Ivan Bašić,1113,1,90.0,0.0,1.0,1.0,1.0,1.0,1.0,7.0,6.0,2.0,2.0,1.0,0.0,1.0,1.0,1.0,2.0,85.7,100.0,True
3,294824,Nathan-Dylan Saliba,5529,1,97.0,0.0,1.0,0.0,2.0,2.0,1.0,10.0,5.0,3.0,2.0,1.0,0.0,0.928,0.928,1.856,2.784,50.0,66.7,True
3,5,Manuel Akanji,15,1,97.0,0.0,0.0,0.0,0.0,2.0,0.0,4.0,3.0,1.0,1.0,0.0,0.0,0.0,0.0,0.0,1.856,75.0,100.0,True
3,952,Christian Fassnacht,15,1,12.0,0.0,0.0,0.0,0.0,1.0,0.0,3.0,1.0,0.0,0.0,0.0,0.0,0.0,0.0,0.0,7.5,33.3,,False
3,957,Djibril Sow,15,1,74.0,0.0,0.0,0.0,0.0,1.0,1.0,2.0,1.0,0.0,0.0,0.0,0.0,0.0,0.0,0.0,2.432,50.0,,False
3,790,Edin Džeko,1113,1,64.0,0.0,0.0,1.0,0.0,0.0,0.0,1.0,1.0,0.0,0.0,0.0,0.0,0.0,0.0,0.0,0.0,100.0,,False
3,951,Michel Aebischer,15,1,23.0,0.0,0.0,0.0,0.0,1.0,0.0,4.0,1.0,0.0,0.0,0.0,0.0,0.0,0.0,0.0,3.913,25.0,,False
3,2537,Karim Boudiaf,1569,1,72.0,0.0,0.0,0.0,1.0,0.0,0.0,4.0,2.0,0.0,0.0,0.0,0.0,0.0,0.0,1.25,0.0,50.0,,False
3,2533,Abdelaziz Hatem,1569,1,45.0,0.0,0.0,0.0,1.0,1.0,0.0,5.0,1.0,0.0,0.0,0.0,0.0,0.0,0.0,2.0,2.0,20.0,,False
3,2543,Almoez Ali,1569,1,18.0,0.0,0.0,1.0,0.0,0.0,0.0,1.0,0.0,0.0,0.0,0.0,0.0,0.0,0.0,0.0,0.0,0.0,,False
3,2539,Ahmed Fathi,1569,1,79.0,0.0,0.0,0.0,0.0,3.0,1.0,8.0,3.0,0.0,0.0,0.0,0.0,0.0,0.0,0.0,4.557,37.5,,False
3,2544,Akram Afif,1569,1,90.0,0.0,0.0,2.0,2.0,0.0,0.0,3.0,1.0,1.0,0.0,0.0,0.0,0.0,0.0,2.0,0.0,33.3,0.0,True
3,2803,Nico Elvedi,15,1,97.0,0.0,0.0,0.0,0.0,1.0,0.0,3.0,3.0,0.0,0.0,0.0,0.0,0.0,0.0,0.0,0.928,100.0,,True
3,2807,Remo Freuler,15,1,97.0,0.0,0.0,0.0,0.0,2.0,2.0,13.0,6.0,0.0,0.0,0.0,0.0,0.0,0.0,0.0,3.711,46.2,,True
3,2542,Ahmed Alaaeldin,1569,1,11.0,0.0,0.0,0.0,0.0,0.0,0.0,3.0,2.0,0.0,0.0,0.0,0.0,0.0,0.0,0.0,0.0,66.7,,False
3,1464,Granit Xhaka,15,1,97.0,0.0,0.0,1.0,0.0,1.0,0.0,8.0,4.0,1.0,0.0,0.0,0.0,0.0,0.0,0.0,0.928,50.0,0.0,True
3,1631,Ricardo Rodríguez,15,1,97.0,0.0,0.0,0.0,2.0,3.0,0.0,12.0,8.0,0.0,0.0,0.0,0.0,0.0,0.0,1.856,2.784,66.7,,True
3,1741,Nikola Katić,1113,1,63.0,0.0,0.0,1.0,0.0,0.0,0.0,4.0,3.0,0.0,0.0,0.0,0.0,0.0,0.0,0.0,0.0,75.0,,False
3,2001,Cyle Larin,5529,1,58.0,0.0,0.0,1.0,0.0,0.0,0.0,4.0,1.0,1.0,1.0,0.0,0.0,0.0,0.0,0.0,0.0,25.0,100.0,False
3,2530,Pedro Miguel,1569,1,90.0,0.0,0.0,3.0,1.0,4.0,1.0,11.0,6.0,0.0,0.0,0.0,0.0,0.0,0.0,1.0,5.0,54.5,,True
3,2532,Boualem Khoukhi,1569,1,90.0,0.0,0.0,1.0,0.0,1.0,0.0,4.0,2.0,0.0,0.0,0.0,0.0,0.0,0.0,0.0,1.0,50.0,,True
3,1324,Ivan Šunjić,1113,1,45.0,0.0,0.0,1.0,2.0,1.0,0.0,5.0,2.0,1.0,0.0,0.0,0.0,0.0,0.0,4.0,2.0,40.0,0.0,False
3,1442,Sead Kolašinac,1113,1,90.0,0.0,0.0,0.0,2.0,1.0,1.0,7.0,4.0,0.0,0.0,0.0,0.0,0.0,0.0,2.0,2.0,57.1,,True
3,42207,Mahmud Abunada,1569,1,90.0,0.0,0.0,0.0,0.0,0.0,0.0,0.0,0.0,0.0,0.0,0.0,0.0,0.0,0.0,0.0,0.0,,,True
3,42060,Sultan Al-Brake,1569,1,90.0,0.0,0.0,0.0,1.0,0.0,2.0,3.0,0.0,0.0,0.0,0.0,0.0,0.0,0.0,1.0,2.0,0.0,,True
3,35570,Stephen Eustaquio,5529,1,39.0,0.0,0.0,0.0,0.0,0.0,1.0,1.0,1.0,1.0,1.0,0.0,0.0,0.0,0.0,0.0,2.308,100.0,100.0,False
3,25282,Gregor Kobel,15,1,97.0,0.0,0.0,0.0,0.0,0.0,0.0,2.0,2.0,0.0,0.0,0.0,0.0,0.0,0.0,0.0,0.0,100.0,,True
3,14301,Stjepan Radeljić,1113,1,90.0,0.0,0.0,0.0,0.0,0.0,0.0,0.0,0.0,0.0,0.0,0.0,0.0,0.0,0.0,0.0,0.0,,,True
3,25129,Dženis Burnić,1113,1,8.0,0.0,0.0,0.0,0.0,0.0,0.0,0.0,0.0,0.0,0.0,0.0,0.0,0.0,0.0,0.0,0.0,,,False
3,9026,Nikola Vasilj,1113,1,90.0,0.0,0.0,0.0,0.0,0.0,0.0,0.0,0.0,0.0,0.0,0.0,0.0,0.0,0.0,0.0,0.0,,,True
3,8489,Jonathan David,5529,1,97.0,0.0,0.0,1.0,2.0,0.0,1.0,12.0,5.0,0.0,0.0,0.0,0.0,0.0,0.0,1.856,0.928,41.7,,True
3,50788,Mathieu Choinière,5529,1,58.0,0.0,0.0,0.0,1.0,1.0,2.0,5.0,4.0,0.0,0.0,0.0,0.0,0.0,0.0,1.552,4.655,80.0,,False
3,48648,Dan Ndoye,15,1,17.0,0.0,0.0,0.0,0.0,0.0,0.0,4.0,3.0,0.0,0.0,0.0,0.0,0.0,0.0,0.0,0.0,75.0,,False
3,50816,Richie Laryea,5529,1,83.0,0.0,0.0,0.0,0.0,0.0,0.0,10.0,6.0,1.0,1.0,0.0,0.0,0.0,0.0,0.0,0.0,60.0,100.0,False
3,42286,Ahmed Al-Ganehi,1569,1,34.0,0.0,0.0,1.0,1.0,1.0,0.0,5.0,2.0,2.0,1.0,0.0,0.0,0.0,0.0,2.647,2.647,40.0,50.0,False
3,48378,Silvan Widmer,15,1,23.0,0.0,0.0,0.0,0.0,0.0,0.0,3.0,0.0,0.0,0.0,0.0,0.0,0.0,0.0,0.0,0.0,0.0,,False
3,48497,Cédric Itten,15,1,12.0,0.0,0.0,0.0,0.0,0.0,0.0,2.0,0.0,0.0,0.0,0.0,0.0,0.0,0.0,0.0,0.0,0.0,,False
3,46930,Ermedin Demirović,1113,1,90.0,0.0,0.0,1.0,0.0,0.0,0.0,8.0,2.0,2.0,1.0,0.0,0.0,0.0,0.0,0.0,0.0,25.0,50.0,True
3,44798,Liam Millar,5529,1,39.0,0.0,0.0,0.0,2.0,0.0,0.0,4.0,1.0,0.0,0.0,0.0,0.0,0.0,0.0,4.615,0.0,25.0,,False
3,78547,Alistair Johnston,5529,1,97.0,0.0,0.0,2.0,2.0,0.0,3.0,6.0,1.0,0.0,0.0,0.0,0.0,0.0,0.0,1.856,2.784,16.7,,True
3,51295,Derek Cornelius,5529,1,97.0,0.0,0.0,1.0,0.0,1.0,1.0,10.0,5.0,0.0,0.0,0.0,0.0,0.0,0.0,0.0,1.856,50.0,,True
3,51016,Tajon Buchanan,5529,1,75.0,0.0,0.0,0.0,1.0,2.0,1.0,9.0,5.0,3.0,0.0,0.0,0.0,0.0,0.0,1.2,3.6,55.6,0.0,False
3,51274,Maxime Crépeau,5529,1,97.0,0.0,0.0,0.0,0.0,0.0,0.0,0.0,0.0,0.0,0.0,0.0,0.0,0.0,0.0,0.0,0.0,,,True
3,50826,Jacob Shaffelburg,5529,1,14.0,0.0,0.0,0.0,2.0,0.0,1.0,2.0,0.0,1.0,0.0,0.0,0.0,0.0,0.0,12.857,6.429,0.0,0.0,False
3,283174,Mohamed Naceur Almanai,1569,1,11.0,0.0,0.0,0.0,0.0,0.0,0.0,3.0,0.0,0.0,0.0,0.0,0.0,0.0,0.0,0.0,0.0,0.0,,False
3,264094,Benjamin Tahirović,1113,1,45.0,0.0,0.0,0.0,0.0,2.0,1.0,4.0,4.0,0.0,0.0,0.0,0.0,0.0,0.0,0.0,6.0,100.0,,False
3,200981,Jassem Gaber Abdulsallam,1569,1,45.0,0.0,0.0,0.0,0.0,0.0,0.0,5.0,0.0,0.0,0.0,0.0,0.0,0.0,0.0,0.0,0.0,0.0,,False
3,329409,Esmir Bajraktarević,1113,1,90.0,0.0,0.0,2.0,2.0,0.0,1.0,3.0,2.0,1.0,1.0,0.0,0.0,0.0,0.0,2.0,1.0,66.7,100.0,True
3,327738,Luc De Fougerolles,5529,1,97.0,0.0,0.0,1.0,0.0,2.0,0.0,11.0,6.0,0.0,0.0,0.0,0.0,0.0,0.0,0.0,1.856,54.5,,True
3,322101,Amar Memić,1113,1,45.0,0.0,0.0,0.0,0.0,1.0,0.0,4.0,4.0,0.0,0.0,0.0,0.0,0.0,0.0,0.0,2.0,100.0,,False
3,349344,Luca Jaquez,15,1,74.0,0.0,0.0,0.0,0.0,2.0,1.0,7.0,4.0,1.0,1.0,0.0,0.0,0.0,0.0,0.0,3.649,57.1,100.0,False
3,362145,Ali Ahmed,5529,1,58.0,0.0,0.0,1.0,0.0,0.0,0.0,5.0,3.0,0.0,0.0,0.0,0.0,0.0,0.0,0.0,0.0,60.0,,False
3,351587,Tani Oluwaseyi,5529,1,39.0,0.0,0.0,0.0,0.0,1.0,0.0,2.0,1.0,0.0,0.0,0.0,0.0,0.0,0.0,0.0,2.308,50.0,,False
3,366516,Issa Laye,1569,1,90.0,0.0,0.0,0.0,1.0,0.0,0.0,3.0,2.0,1.0,0.0,0.0,0.0,0.0,0.0,1.0,0.0,66.7,0.0,True
3,409670,Arjan Malić,1113,1,45.0,0.0,0.0,0.0,0.0,1.0,0.0,3.0,2.0,0.0,0.0,0.0,0.0,0.0,0.0,0.0,2.0,66.7,,False
3,509,Alphonso Davies,5529,1,0.0,0.0,0.0,0.0,0.0,0.0,0.0,0.0,0.0,0.0,0.0,0.0,,,,,,,,False
3,1142,Yvon Mvogo,15,1,0.0,0.0,0.0,0.0,0.0,0.0,0.0,0.0,0.0,0.0,0.0,0.0,,,,,,,,False
3,2810,Denis Zakaria,15,1,0.0,0.0,0.0,0.0,0.0,0.0,0.0,0.0,0.0,0.0,0.0,0.0,,,,,,,,False
3,7318,Amar Dedić,1113,1,0.0,0.0,0.0,0.0,0.0,0.0,0.0,0.0,0.0,0.0,0.0,0.0,,,,,,,,False
3,28382,Haris Tabaković,1113,1,0.0,0.0,0.0,0.0,0.0,0.0,0.0,0.0,0.0,0.0,0.0,0.0,,,,,,,,False
3,42021,Meshaal Barsham,1569,1,0.0,0.0,0.0,0.0,0.0,0.0,0.0,0.0,0.0,0.0,0.0,0.0,,,,,,,,False
3,42089,Mohammed Muntari,1569,1,0.0,0.0,0.0,0.0,0.0,0.0,0.0,0.0,0.0,0.0,0.0,0.0,,,,,,,,False
3,42288,Lucas Mendes,1569,1,0.0,0.0,0.0,0.0,0.0,0.0,0.0,0.0,0.0,0.0,0.0,0.0,,,,,,,,False
3,48372,Eray Cömert,15,1,0.0,0.0,0.0,0.0,0.0,0.0,0.0,0.0,0.0,0.0,0.0,0.0,,,,,,,,False
3,48389,Noah Okafor,15,1,0.0,0.0,0.0,0.0,0.0,0.0,0.0,0.0,0.0,0.0,0.0,0.0,,,,,,,,False
3,50006,Amir Hadžiahmetović,1113,1,0.0,0.0,0.0,0.0,0.0,0.0,0.0,0.0,0.0,0.0,0.0,0.0,,,,,,,,False
3,50817,Jonathan Osorio,5529,1,0.0,0.0,0.0,0.0,0.0,0.0,0.0,0.0,0.0,0.0,0.0,0.0,,,,,,,,False
3,51148,Dayne St. Clair,5529,1,0.0,0.0,0.0,0.0,0.0,0.0,0.0,0.0,0.0,0.0,0.0,0.0,,,,,,,,False
3,70514,Armin Gigović,1113,1,0.0,0.0,0.0,0.0,0.0,0.0,0.0,0.0,0.0,0.0,0.0,0.0,,,,,,,,False
3,76867,Nihad Mujakić,1113,1,0.0,0.0,0.0,0.0,0.0,0.0,0.0,0.0,0.0,0.0,0.0,0.0,,,,,,,,False
3,77037,Jovo Lukić,1113,1,0.0,0.0,0.0,0.0,0.0,0.0,0.0,0.0,0.0,0.0,0.0,0.0,,,,,,,,False
3,78494,Joel Waterman,5529,1,0.0,0.0,0.0,0.0,0.0,0.0,0.0,0.0,0.0,0.0,0.0,0.0,,,,,,,,False
3,108370,Martin Zlomislić,1113,1,0.0,0.0,0.0,0.0,0.0,0.0,0.0,0.0,0.0,0.0,0.0,0.0,,,,,,,,False
3,123468,Marvin Keller,15,1,0.0,0.0,0.0,0.0,0.0,0.0,0.0,0.0,0.0,0.0,0.0,0.0,,,,,,,,False
3,123469,Zeki Amdouni,15,1,0.0,0.0,0.0,0.0,0.0,0.0,0.0,0.0,0.0,0.0,0.0,0.0,,,,,,,,False
3,136503,Salah Zakaria,1569,1,0.0,0.0,0.0,0.0,0.0,0.0,0.0,0.0,0.0,0.0,0.0,0.0,,,,,,,,False
3,162414,Aurèle Amenda,15,1,0.0,0.0,0.0,0.0,0.0,0.0,0.0,0.0,0.0,0.0,0.0,0.0,,,,,,,,False
3,163032,Fabian Rieder,15,1,0.0,0.0,0.0,0.0,0.0,0.0,0.0,0.0,0.0,0.0,0.0,0.0,,,,,,,,False
3,193279,Jayden Nelson,5529,1,0.0,0.0,0.0,0.0,0.0,0.0,0.0,0.0,0.0,0.0,0.0,0.0,,,,,,,,False
3,264705,Ardon Jashari,15,1,0.0,0.0,0.0,0.0,0.0,0.0,0.0,0.0,0.0,0.0,0.0,0.0,,,,,,,,False
3,284554,Owen Goodman,5529,1,0.0,0.0,0.0,0.0,0.0,0.0,0.0,0.0,0.0,0.0,0.0,0.0,,,,,,,,False
3,314377,Samed Baždar,1113,1,0.0,0.0,0.0,0.0,0.0,0.0,0.0,0.0,0.0,0.0,0.0,0.0,,,,,,,,False
3,377930,Ayoub Al Oui,1569,1,0.0,0.0,0.0,0.0,0.0,0.0,0.0,0.0,0.0,0.0,0.0,0.0,,,,,,,,False
3,407017,Moise Bombito,5529,1,0.0,0.0,0.0,0.0,0.0,0.0,0.0,0.0,0.0,0.0,0.0,0.0,,,,,,,,False
3,416901,Niko Sigur,5529,1,0.0,0.0,0.0,0.0,0.0,0.0,0.0,0.0,0.0,0.0,0.0,0.0,,,,,,,,False
3,423737,Tahsin Mohammed Jamshid,1569,1,0.0,0.0,0.0,0.0,0.0,0.0,0.0,0.0,0.0,0.0,0.0,0.0,,,,,,,,False
3,446130,Mladen Jurkas,1113,1,0.0,0.0,0.0,0.0,0.0,0.0,0.0,0.0,0.0,0.0,0.0,0.0,,,,,,,,False
3,542541,Yusuf Abdurisag,1569,1,0.0,0.0,0.0,0.0,0.0,0.0,0.0,0.0,0.0,0.0,0.0,0.0,,,,,,,,False
3,542542,Al-Hashmi Al-Hussain,1569,1,0.0,0.0,0.0,0.0,0.0,0.0,0.0,0.0,0.0,0.0,0.0,0.0,,,,,,,,False
