player_id,player_name,team_id,matches,minutes,goals,assists,shots,key_passes,tackles,interceptions,duels_total,duels_won,dribbles_attempts,dribbles_success,goal_involvements,goals_p90,assists_p90,ga_p90,key_passes_p90,def_actions_p90,duel_win_pct,dribble_success_pct,above_min_threshold
34710,Hyeon-gyu Oh,17,1,28.0,1.0,0.0,1.0,1.0,0.0,0.0,4.0,3.0,0.0,0.0,1.0,3.214,0.0,3.214,3.214,0.0,75.0,,False
2901,Hwang In-beom,17,1,84.0,1.0,1.0,3.0,1.0,0.0,2.0,4.0,3.0,2.0,2.0,2.0,1.071,1.071,2.143,1.071,2.143,75.0,100.0,False
2887,Raúl Jiménez,16,1,76.0,1.0,0.0,3.0,2.0,1.0,0.0,10.0,6.0,2.0,0.0,1.0,1.184,0.0,1.184,2.368,1.184,60.0,0.0,False
266345,Erik Lira,16,1,76.0,0.0,1.0,0.0,1.0,1.0,1.0,4.0,4.0,0.0,0.0,1.0,0.0,1.184,1.184,1.184,2.368,100.0,,False
35532,Julián Quiñones,16,1,79.0,1.0,0.0,4.0,2.0,0.0,0.0,10.0,7.0,6.0,5.0,1.0,1.139,0.0,1.139,2.278,0.0,70.0,83.3,False
2879,Roberto Alvarado,16,1,90.0,0.0,1.0,0.0,2.0,4.0,0.0,13.0,8.0,2.0,2.0,1.0,0.0,1.0,1.0,2.0,4.0,61.5,100.0,True
1231,Vladimír Coufal,770,1,97.0,0.0,1.0,0.0,1.0,0.0,1.0,9.0,2.0,1.0,0.0,1.0,0.0,0.928,0.928,0.928,0.928,22.2,0.0,True
927,Kang-in Lee,17,1,97.0,0.0,1.0,1.0,3.0,1.0,0.0,14.0,10.0,6.0,5.0,1.0,0.0,0.928,0.928,2.784,0.928,71.4,83.3,True
66407,Ladislav Krejčí,770,1,97.0,1.0,0.0,1.0,0.0,3.0,0.0,13.0,7.0,0.0,0.0,1.0,0.928,0.0,0.928,0.0,2.784,53.8,,True
818,Tomáš Chorý,770,1,33.0,0.0,0.0,0.0,0.0,0.0,0.0,12.0,5.0,0.0,0.0,0.0,0.0,0.0,0.0,0.0,0.0,41.7,,False
2869,Edson Álvarez,16,1,14.0,0.0,0.0,0.0,0.0,1.0,0.0,2.0,2.0,0.0,0.0,0.0,0.0,0.0,0.0,0.0,6.429,100.0,,False
794,Patrik Schick,770,1,64.0,0.0,0.0,0.0,0.0,0.0,0.0,6.0,2.0,0.0,0.0,0.0,0.0,0.0,0.0,0.0,0.0,33.3,,False
750,Álvaro Fidalgo,16,1,66.0,0.0,0.0,0.0,1.0,1.0,0.0,3.0,3.0,0.0,0.0,0.0,0.0,0.0,0.0,1.364,1.364,100.0,,False
1237,Jaroslav Zelený,770,1,97.0,0.0,0.0,0.0,0.0,0.0,0.0,5.0,3.0,1.0,1.0,0.0,0.0,0.0,0.0,0.0,0.0,60.0,100.0,True
2881,Jesús Gallardo,16,1,90.0,0.0,0.0,1.0,0.0,0.0,3.0,5.0,3.0,0.0,0.0,0.0,0.0,0.0,0.0,0.0,3.0,60.0,,True
2873,César Montes,16,1,90.0,0.0,0.0,0.0,0.0,0.0,1.0,6.0,3.0,0.0,0.0,0.0,0.0,0.0,0.0,0.0,1.0,50.0,,True
1243,Tomáš Souček,770,1,97.0,0.0,0.0,1.0,0.0,0.0,1.0,7.0,2.0,1.0,0.0,0.0,0.0,0.0,0.0,0.0,0.928,28.6,0.0,True
2889,Alexis Vega,16,1,11.0,0.0,0.0,0.0,0.0,0.0,0.0,1.0,0.0,0.0,0.0,0.0,0.0,0.0,0.0,0.0,0.0,0.0,,False
2906,Jae-sung Lee,17,1,62.0,0.0,0.0,2.0,3.0,0.0,2.0,8.0,4.0,1.0,0.0,0.0,0.0,0.0,0.0,4.355,2.903,50.0,0.0,False
2909,Seung Ho Paik,17,1,84.0,0.0,0.0,0.0,1.0,0.0,0.0,4.0,3.0,1.0,0.0,0.0,0.0,0.0,0.0,1.071,0.0,75.0,0.0,False
2892,Kim Seung-gyu,17,1,97.0,0.0,0.0,0.0,0.0,0.0,0.0,0.0,0.0,0.0,0.0,0.0,0.0,0.0,0.0,0.0,0.0,,,True
2897,Kim Min-jae,17,1,97.0,0.0,0.0,0.0,2.0,1.0,2.0,8.0,5.0,0.0,0.0,0.0,0.0,0.0,0.0,1.856,2.784,62.5,,True
3287,Teboho Mokoena,1531,1,90.0,0.0,0.0,0.0,1.0,0.0,2.0,7.0,4.0,0.0,0.0,0.0,0.0,0.0,0.0,1.0,2.0,57.1,,True
3275,Ronwen Williams,1531,1,90.0,0.0,0.0,0.0,0.0,0.0,1.0,0.0,0.0,0.0,0.0,0.0,0.0,0.0,0.0,0.0,1.0,,,True
24888,Hwang Hee-chan,17,1,35.0,0.0,0.0,0.0,0.0,0.0,0.0,3.0,2.0,2.0,1.0,0.0,0.0,0.0,0.0,0.0,0.0,66.7,50.0,False
3289,Themba Zwane,1531,1,23.0,0.0,0.0,0.0,0.0,0.0,0.0,3.0,0.0,0.0,0.0,0.0,0.0,0.0,0.0,0.0,0.0,0.0,,False
34168,Jin-gyu Kim,17,1,13.0,0.0,0.0,0.0,0.0,0.0,0.0,2.0,1.0,0.0,0.0,0.0,0.0,0.0,0.0,0.0,0.0,50.0,,False
35544,Johan Vásquez,16,1,90.0,0.0,0.0,0.0,0.0,1.0,1.0,5.0,3.0,0.0,0.0,0.0,0.0,0.0,0.0,0.0,2.0,60.0,,True
241,Michal Sadílek,770,1,33.0,0.0,0.0,2.0,1.0,0.0,0.0,2.0,0.0,0.0,0.0,0.0,0.0,0.0,0.0,2.727,0.0,0.0,,False
186,Son Heung-min,17,1,69.0,0.0,0.0,3.0,1.0,0.0,0.0,3.0,2.0,1.0,0.0,0.0,0.0,0.0,0.0,1.304,0.0,66.7,0.0,False
46334,Aubrey Modiba,1531,1,77.0,0.0,0.0,1.0,0.0,3.0,0.0,11.0,5.0,2.0,0.0,0.0,0.0,0.0,0.0,0.0,3.506,45.5,0.0,False
35690,Luis Chávez,16,1,24.0,0.0,0.0,0.0,0.0,1.0,0.0,3.0,1.0,0.0,0.0,0.0,0.0,0.0,0.0,0.0,3.75,33.3,,False
66019,Adam Hložek,770,1,33.0,0.0,0.0,3.0,0.0,0.0,0.0,2.0,1.0,0.0,0.0,0.0,0.0,0.0,0.0,0.0,0.0,50.0,,False
46458,Nkosinathi Sibisi,1531,1,90.0,0.0,0.0,0.0,0.0,0.0,1.0,1.0,0.0,0.0,0.0,0.0,0.0,0.0,0.0,0.0,1.0,0.0,,True
66275,Mojmír Chytil,770,1,13.0,0.0,0.0,0.0,1.0,0.0,0.0,1.0,0.0,0.0,0.0,0.0,0.0,0.0,0.0,6.923,0.0,0.0,,False
66353,Lukáš Provod,770,1,64.0,0.0,0.0,0.0,0.0,2.0,1.0,8.0,4.0,1.0,1.0,0.0,0.0,0.0,0.0,0.0,4.219,50.0,100.0,False
66387,Pavel Šulc,770,1,64.0,0.0,0.0,1.0,0.0,2.0,0.0,6.0,4.0,1.0,0.0,0.0,0.0,0.0,0.0,0.0,2.812,66.7,0.0,False
46601,Khuliso Mudau,1531,1,90.0,0.0,0.0,0.0,0.0,4.0,1.0,11.0,7.0,0.0,0.0,0.0,0.0,0.0,0.0,0.0,5.0,63.6,,True
99211,Jin-seob Park,17,1,13.0,0.0,0.0,0.0,0.0,0.0,0.0,5.0,3.0,0.0,0.0,0.0,0.0,0.0,0.0,0.0,0.0,60.0,,False
127227,Israel Reyes,16,1,90.0,0.0,0.0,1.0,2.0,0.0,1.0,1.0,1.0,0.0,0.0,0.0,0.0,0.0,0.0,2.0,1.0,100.0,,True
127429,Iqraam Rayners,1531,1,77.0,0.0,0.0,0.0,0.0,0.0,0.0,5.0,0.0,0.0,0.0,0.0,0.0,0.0,0.0,0.0,0.0,0.0,,False
138804,Matěj Kovář,770,1,97.0,0.0,0.0,0.0,0.0,0.0,0.0,0.0,0.0,0.0,0.0,0.0,0.0,0.0,0.0,0.0,0.0,,,True
158433,Siphephelo Sithole,1531,1,49.0,0.0,0.0,0.0,0.0,0.0,1.0,7.0,1.0,0.0,0.0,0.0,0.0,0.0,0.0,0.0,1.837,14.3,,False
162964,Robin Hranáč,770,1,97.0,0.0,0.0,0.0,0.0,0.0,0.0,6.0,1.0,0.0,0.0,0.0,0.0,0.0,0.0,0.0,0.0,16.7,,True
179893,Oswin Appollis,1531,1,13.0,0.0,0.0,0.0,0.0,1.0,0.0,1.0,1.0,0.0,0.0,0.0,0.0,0.0,0.0,0.0,6.923,100.0,,False
98936,Lyle Foster,1531,1,56.0,0.0,0.0,1.0,0.0,0.0,0.0,7.0,1.0,1.0,0.0,0.0,0.0,0.0,0.0,0.0,0.0,14.3,0.0,False
194430,Thalente Mbatha,1531,1,34.0,0.0,0.0,0.0,0.0,2.0,0.0,3.0,2.0,1.0,0.0,0.0,0.0,0.0,0.0,0.0,5.294,66.7,0.0,False
197985,Young-woo Seol,17,1,97.0,0.0,0.0,0.0,1.0,1.0,1.0,4.0,1.0,1.0,0.0,0.0,0.0,0.0,0.0,0.928,1.856,25.0,0.0,True
212233,Brian Gutiérrez,16,1,66.0,0.0,0.0,2.0,3.0,0.0,0.0,7.0,1.0,1.0,0.0,0.0,0.0,0.0,0.0,4.091,0.0,14.3,0.0,False
201354,Evidence Makgopa,1531,1,13.0,0.0,0.0,0.0,0.0,0.0,0.0,3.0,3.0,0.0,0.0,0.0,0.0,0.0,0.0,0.0,0.0,100.0,,False
237050,Ji-sung Eom,17,1,28.0,0.0,0.0,0.0,0.0,2.0,0.0,3.0,3.0,0.0,0.0,0.0,0.0,0.0,0.0,0.0,6.429,100.0,,False
237218,Han-Beom Lee,17,1,97.0,0.0,0.0,1.0,0.0,1.0,1.0,11.0,6.0,0.0,0.0,0.0,0.0,0.0,0.0,0.0,1.856,54.5,,True
237220,Lee Tae-seok,17,1,69.0,0.0,0.0,0.0,2.0,1.0,0.0,9.0,4.0,0.0,0.0,0.0,0.0,0.0,0.0,2.609,1.304,44.4,,False
268710,Jayden Adams,1531,1,61.0,0.0,0.0,0.0,0.0,0.0,0.0,2.0,1.0,1.0,1.0,0.0,0.0,0.0,0.0,0.0,0.0,50.0,100.0,False
270774,Raúl Rangel,16,1,90.0,0.0,0.0,0.0,0.0,0.0,0.0,0.0,0.0,0.0,0.0,0.0,0.0,0.0,0.0,0.0,0.0,,,True
291713,Armando González,16,1,14.0,0.0,0.0,0.0,0.0,0.0,0.0,1.0,0.0,0.0,0.0,0.0,0.0,0.0,0.0,0.0,0.0,0.0,,False
304951,Gi-Hyuk Lee,17,1,97.0,0.0,0.0,0.0,0.0,0.0,3.0,10.0,6.0,0.0,0.0,0.0,0.0,0.0,0.0,0.0,2.784,60.0,,True
337740,Štěpán Chaloupek,770,1,97.0,0.0,0.0,0.0,0.0,1.0,2.0,6.0,2.0,0.0,0.0,0.0,0.0,0.0,0.0,0.0,2.784,33.3,,True
386837,Alexandr Sojka,770,1,84.0,0.0,0.0,0.0,1.0,1.0,2.0,8.0,3.0,1.0,1.0,0.0,0.0,0.0,0.0,1.071,3.214,37.5,100.0,False
406752,Ime Okon,1531,1,90.0,0.0,0.0,0.0,0.0,2.0,0.0,6.0,3.0,0.0,0.0,0.0,0.0,0.0,0.0,0.0,2.0,50.0,,True
482605,Gilberto Mora,16,1,24.0,0.0,0.0,0.0,0.0,0.0,1.0,5.0,1.0,2.0,1.0,0.0,0.0,0.0,0.0,0.0,3.75,20.0,50.0,False
510799,Mbekezeli Mbokazi,1531,1,90.0,0.0,0.0,1.0,1.0,2.0,1.0,9.0,5.0,0.0,0.0,0.0,0.0,0.0,0.0,1.0,3.0,55.6,,True
2098,Guillermo Ochoa,16,1,0.0,0.0,0.0,0.0,0.0,0.0,0.0,0.0,0.0,0.0,0.0,0.0,,,,,,,,False
2252,Tomáš Holeš,770,1,0.0,0.0,0.0,0.0,0.0,0.0,0.0,0.0,0.0,0.0,0.0,0.0,,,,,,,,False
2878,Jorge Sánchez,16,1,0.0,0.0,0.0,0.0,0.0,0.0,0.0,0.0,0.0,0.0,0.0,0.0,,,,,,,,False
2890,Jo Hyeonwoo,17,1,0.0,0.0,0.0,0.0,0.0,0.0,0.0,0.0,0.0,0.0,0.0,0.0,,,,,,,,False
2912,Kim Moon-hwan,17,1,0.0,0.0,0.0,0.0,0.0,0.0,0.0,0.0,0.0,0.0,0.0,0.0,,,,,,,,False
25348,Vladimír Darida,770,1,0.0,0.0,0.0,0.0,0.0,0.0,0.0,0.0,0.0,0.0,0.0,0.0,,,,,,,,False
34211,Gue-sung Cho,17,1,0.0,0.0,0.0,0.0,0.0,0.0,0.0,0.0,0.0,0.0,0.0,0.0,,,,,,,,False
34374,Song Bum-keun,17,1,0.0,0.0,0.0,0.0,0.0,0.0,0.0,0.0,0.0,0.0,0.0,0.0,,,,,,,,False
34418,Kim Tae-hyeon,17,1,0.0,0.0,0.0,0.0,0.0,0.0,0.0,0.0,0.0,0.0,0.0,0.0,,,,,,,,False
34431,Dong-gyeong Lee,17,1,0.0,0.0,0.0,0.0,0.0,0.0,0.0,0.0,0.0,0.0,0.0,0.0,,,,,,,,False
35576,Orbelín Pineda,16,1,0.0,0.0,0.0,0.0,0.0,0.0,0.0,0.0,0.0,0.0,0.0,0.0,,,,,,,,False
35769,Carlos Acevedo,16,1,0.0,0.0,0.0,0.0,0.0,0.0,0.0,0.0,0.0,0.0,0.0,0.0,,,,,,,,False
35970,Luis Romo,16,1,0.0,0.0,0.0,0.0,0.0,0.0,0.0,0.0,0.0,0.0,0.0,0.0,,,,,,,,False
36088,Guillermo Martínez,16,1,0.0,0.0,0.0,0.0,0.0,0.0,0.0,0.0,0.0,0.0,0.0,0.0,,,,,,,,False
36111,César Huerta,16,1,0.0,0.0,0.0,0.0,0.0,0.0,0.0,0.0,0.0,0.0,0.0,0.0,,,,,,,,False
46245,Ricardo Goss,1531,1,0.0,0.0,0.0,0.0,0.0,0.0,0.0,0.0,0.0,0.0,0.0,0.0,,,,,,,,False
46417,Sipho Chaine,1531,1,0.0,0.0,0.0,0.0,0.0,0.0,0.0,0.0,0.0,0.0,0.0,0.0,,,,,,,,False
66214,David Douděra,770,1,0.0,0.0,0.0,0.0,0.0,0.0,0.0,0.0,0.0,0.0,0.0,0.0,,,,,,,,False
66340,Jan Kuchta,770,1,0.0,0.0,0.0,0.0,0.0,0.0,0.0,0.0,0.0,0.0,0.0,0.0,,,,,,,,False
66347,Jindřich Staněk,770,1,0.0,0.0,0.0,0.0,0.0,0.0,0.0,0.0,0.0,0.0,0.0,0.0,,,,,,,,False
94562,Santiago Giménez,16,1,0.0,0.0,0.0,0.0,0.0,0.0,0.0,0.0,0.0,0.0,0.0,0.0,,,,,,,,False
128772,David Zima,770,1,0.0,0.0,0.0,0.0,0.0,0.0,0.0,0.0,0.0,0.0,0.0,0.0,,,,,,,,False
128793,David Jurásek,770,1,0.0,0.0,0.0,0.0,0.0,0.0,0.0,0.0,0.0,0.0,0.0,0.0,,,,,,,,False
162194,Lukáš Červ,770,1,0.0,0.0,0.0,0.0,0.0,0.0,0.0,0.0,0.0,0.0,0.0,0.0,,,,,,,,False
163041,Bradley Cross,1531,1,0.0,0.0,0.0,0.0,0.0,0.0,0.0,0.0,0.0,0.0,0.0,0.0,,,,,,,,False
269349,Lukáš Horníček,770,1,0.0,0.0,0.0,0.0,0.0,0.0,0.0,0.0,0.0,0.0,0.0,0.0,,,,,,,,False
280358,Jens Castrop,17,1,0.0,0.0,0.0,0.0,0.0,0.0,0.0,0.0,0.0,0.0,0.0,0.0,,,,,,,,False
290212,Denis Višinský,770,1,0.0,0.0,0.0,0.0,0.0,0.0,0.0,0.0,0.0,0.0,0.0,0.0,,,,,,,,False
295977,Tshepang Moremi,1531,1,0.0,0.0,0.0,0.0,0.0,0.0,0.0,0.0,0.0,0.0,0.0,0.0,,,,,,,,False
304958,Yang Hyun-Jun,17,1,0.0,0.0,0.0,0.0,0.0,0.0,0.0,0.0,0.0,0.0,0.0,0.0,,,,,,,,False
313383,Obed Vargas,16,1,0.0,0.0,0.0,0.0,0.0,0.0,0.0,0.0,0.0,0.0,0.0,0.0,,,,,,,,False
330174,Tholo Thabang Matuludi,1531,1,0.0,0.0,0.0,0.0,0.0,0.0,0.0,0.0,0.0,0.0,0.0,0.0,,,,,,,,False
354831,Thapelo Maseko,1531,1,0.0,0.0,0.0,0.0,0.0,0.0,0.0,0.0,0.0,0.0,0.0,0.0,,,,,,,,False
357209,Wi-je Cho,17,1,0.0,0.0,0.0,0.0,0.0,0.0,0.0,0.0,0.0,0.0,0.0,0.0,,,,,,,,False
357286,Jun-Ho Bae,17,1,0.0,0.0,0.0,0.0,0.0,0.0,0.0,0.0,0.0,0.0,0.0,0.0,,,,,,,,False
359561,Kamogelo Sebelebele,1531,1,0.0,0.0,0.0,0.0,0.0,0.0,0.0,0.0,0.0,0.0,0.0,0.0,,,,,,,,False
390002,Mateo Chávez,16,1,0.0,0.0,0.0,0.0,0.0,0.0,0.0,0.0,0.0,0.0,0.0,0.0,,,,,,,,False
392387,Olwethu Makhanya,1531,1,0.0,0.0,0.0,0.0,0.0,0.0,0.0,0.0,0.0,0.0,0.0,0.0,,,,,,,,False
414149,Relebohile Mofokeng,1531,1,0.0,0.0,0.0,0.0,0.0,0.0,0.0,0.0,0.0,0.0,0.0,0.0,,,,,,,,False
430078,Samukelo Kabini,1531,1,0.0,0.0,0.0,0.0,0.0,0.0,0.0,0.0,0.0,0.0,0.0,0.0,,,,,,,,False
474630,Khulumani Ndamane,1531,1,0.0,0.0,0.0,0.0,0.0,0.0,0.0,0.0,0.0,0.0,0.0,0.0,,,,,,,,False
555437,Hugo Sochurek,770,1,0.0,0.0,0.0,0.0,0.0,0.0,0.0,0.0,0.0,0.0,0.0,0.0,,,,,,,,False
